{
    "anims": [
        {
            "key": "juego",
            "type": "frames",
            "repeat": -1,
            "frameRate": 8,
            "frames": [
                {
                    "key": "mat_atlas",
                    "frame": "mat3"
                },
                {
                    "key": "mat_atlas",
                    "frame": "mat4"
                },
                {
                    "key": "mat_atlas",
                    "frame": "mat5"
                }
            ]
        },
        {
            "key": "inicio",
            "type": "frames",
            "repeat": -1,
            "frameRate": 12,
            "frames": [
                {
                    "key": "mat_atlas",
                    "frame": "mat1"
                },
                {
                    "key": "mat_atlas",
                    "frame": "mat2"
                }
            ]
        }
    ]
}